{"count":1,"gauges":{},"self":14.806208,"total":15.9503896,"children":{"AgentResetIfDone":{"count":639,"self":0.0119587,"total":0.0119587,"children":null},"AgentSendState":{"count":639,"self":0.0438708,"total":0.2293617,"children":{"CollectObservations":{"count":2556,"self":0.1854909,"total":0.1854909,"children":null}}},"DecideAction":{"count":639,"self":0.88887909999999992,"total":0.88887909999999992,"children":null},"AcademyStep":{"count":639,"self":0.0039889999999999995,"total":0.0039889999999999995,"children":null},"AgentAct":{"count":639,"self":0.0079756,"total":0.0079756,"children":null}}}